UUID	IMAGES
de4d15d3-2621-4280-a347-692729296794	/sites/default/files/2021-06/535361-Thumbnail%20Image.jpg
e565652d-472a-4236-9182-043aab331f48	/system/files/2021-06/535365-Service%20File.jpg,/sites/default/files/2021-06/535365-Thumbnail%20Image.jpg
485b9059-20ac-427f-9d23-a92834b5fa40	/system/files/2021-06/535366-Service%20File.jpg,/sites/default/files/2021-06/535366-Thumbnail%20Image.jpg
1292ab5f-2cdb-4392-b532-4ffbdeb14e09	/sites/default/files/2021-06/535367-Thumbnail%20Image.jpg
9e37df1d-b24c-4735-a837-43db642d506d	/system/files/2021-06/535372-Service%20File.jpg,/sites/default/files/2021-06/535372-Thumbnail%20Image.jpg
b2b2a984-17a0-4cf6-9031-32fad6b21891	/sites/default/files/2021-06/535373-Thumbnail%20Image.jpg
da35e99b-91e1-4e66-8db8-9049a9dc129c	/system/files/2021-06/535377-Service%20File.jpg,/sites/default/files/2021-06/535377-Thumbnail%20Image.jpg
a53f91f7-9ce1-44c2-8af3-513ba2f2cf61	/sites/default/files/2021-06/535378-Thumbnail%20Image.jpg
ff952481-f83e-494b-b0fb-e7b6f743ec96	/sites/default/files/2021-06/535381-Thumbnail%20Image.jpg
37f3381e-34e2-4a2a-a70a-ac6e4aa4f118	/sites/default/files/2021-06/535384-Thumbnail%20Image.jpg
a16fb015-0f83-430a-a61f-5fdd9462c06c	/sites/default/files/2021-06/535388-Thumbnail%20Image.jpg
dfc6a960-5f12-4ee4-8ec8-56e65785bb2d	/sites/default/files/2021-06/535392-Thumbnail%20Image.jpg
78be7e34-46d8-467d-a675-338dcdf1d972	/sites/default/files/2021-06/535395-Thumbnail%20Image.jpg
4292a6e3-2eb8-4858-865a-c4f4b80aeb3f	/system/files/2021-06/535398-Service%20File.jpg,/sites/default/files/2021-06/535398-Thumbnail%20Image.jpg
3e269f7d-509a-442c-8d7a-7d7e795810ee	/system/files/2021-06/535399-Service%20File.jpg,/sites/default/files/2021-06/535399-Thumbnail%20Image.jpg
372016e0-43d7-46ce-bd12-f81f749328b8	/sites/default/files/2021-06/535400-Thumbnail%20Image.jpg
dc26375d-59eb-475c-8544-0bfb11323dfb	/system/files/2021-06/535406-Service%20File.jpg,/sites/default/files/2021-06/535406-Thumbnail%20Image.jpg
eb1cd860-e3a2-4627-8a44-217f42b4ff34	/sites/default/files/2021-06/535407-Thumbnail%20Image.jpg
f6ff17d5-0429-4d07-a72d-d9db2cab318d	/sites/default/files/2021-06/535411-Thumbnail%20Image.jpg
acaf7dc9-8bd6-47a4-b08f-95c439418174	/sites/default/files/2021-06/535414-Thumbnail%20Image.jpg
c4a85866-ace0-483e-afc0-b8dc62b0be4a	/sites/default/files/2021-06/535418-Thumbnail%20Image.jpg
abf9914f-1c77-4403-b889-c75f55b6c189	/system/files/2021-06/535422-Service%20File.jpg,/sites/default/files/2021-06/535422-Thumbnail%20Image.jpg
6ad66864-b653-4885-8178-20a30245d250	/sites/default/files/2021-06/535423-Thumbnail%20Image.jpg
ce2dfc69-48b2-4010-ac6e-89a3031649e4	/system/files/2021-06/535426-Service%20File.jpg,/sites/default/files/2021-06/535426-Thumbnail%20Image.jpg
6e8533c6-6830-445d-9fe4-bc0384da1731	/system/files/2021-06/535427-Service%20File.jpg,/sites/default/files/2021-06/535427-Thumbnail%20Image.jpg
662f97a3-4666-49ea-87b1-0dcbb0ca5641	/system/files/2021-06/535428-Service%20File.jpg,/sites/default/files/2021-06/535428-Thumbnail%20Image.jpg
f59417b8-05df-452e-b5f1-c050aaf30e66	/system/files/2021-06/535429-Service%20File.jpg,/sites/default/files/2021-06/535429-Thumbnail%20Image.jpg
d68df5cf-5bff-4a35-83c6-405c2317e049	/system/files/2021-06/535430-Service%20File.jpg,/sites/default/files/2021-06/535430-Thumbnail%20Image.jpg
a828b689-ca09-4a7b-852f-2a08ee6ee43f	/system/files/2021-06/535431-Service%20File.jpg,/sites/default/files/2021-06/535431-Thumbnail%20Image.jpg
5a3087ae-403b-48fa-91ab-45ff081d6526	/sites/default/files/2021-06/535432-Thumbnail%20Image.jpg
08178599-f4da-4648-a89f-f030eceef8b4	/sites/default/files/2021-06/535436-Thumbnail%20Image.jpg
9276d4dd-47b7-46d3-82f9-2e252692f88a	/system/files/2021-06/535440-Service%20File.jpg,/sites/default/files/2021-06/535440-Thumbnail%20Image.jpg
fd0d6f3e-78cc-48ac-bf95-758a19aaedb8	/system/files/2021-06/535441-Service%20File.jpg,/sites/default/files/2021-06/535441-Thumbnail%20Image.jpg
63fe0ef0-33ce-4987-aefb-04427caa7d00	/system/files/2021-06/535442-Service%20File.jpg,/sites/default/files/2021-06/535442-Thumbnail%20Image.jpg
96a92ddd-dfa9-4887-8277-5c14f5ec3421	/system/files/2021-06/535443-Service%20File.jpg,/sites/default/files/2021-06/535443-Thumbnail%20Image.jpg
b19272f6-aaaf-4fbe-8995-ead08bffb19d	/sites/default/files/2021-06/535444-Thumbnail%20Image.jpg
47d5b1e0-b824-4a43-9a6a-b39a1297d3cd	/sites/default/files/2021-06/535447-Thumbnail%20Image.jpg
b1403151-5395-43b7-bd6c-a8975ccad017	/sites/default/files/2021-06/535451-Thumbnail%20Image.jpg
1647085c-a921-43a5-8953-f60ea7948092	/sites/default/files/2021-06/535455-Thumbnail%20Image.jpg
7fdf72dd-26f9-471d-8d86-cec4709e62ae	/sites/default/files/2021-06/535458-Thumbnail%20Image.jpg
3c4d9949-c0b2-4057-8f4a-9c012ee62e52	/system/files/2021-06/535461-Service%20File.jpg,/sites/default/files/2021-06/535461-Thumbnail%20Image.jpg
006dd0c8-2a4b-4db5-b3f3-8bcbd52592a9	/system/files/2021-06/535462-Service%20File.jpg,/sites/default/files/2021-06/535462-Thumbnail%20Image.jpg
292cb973-aec9-43b3-bd54-39bd32e3df66	/sites/default/files/2021-06/535463-Thumbnail%20Image.jpg
c847e050-f3cd-495c-8211-e9c6ecc235a0	/system/files/2021-06/535466-Service%20File.jpg,/sites/default/files/2021-06/535466-Thumbnail%20Image.jpg
4cdffb7d-7298-446d-9e18-1a751b69c42f	/system/files/2021-06/535467-Service%20File.jpg,/sites/default/files/2021-06/535467-Thumbnail%20Image.jpg
3e1a14e0-23a8-440c-b2d8-7547a6a601f2	/system/files/2021-06/535468-Service%20File.jpg,/sites/default/files/2021-06/535468-Thumbnail%20Image.jpg
b0d1bd6a-967f-4ecd-9438-5c8cc04fce19	/sites/default/files/2021-06/535469-Thumbnail%20Image.jpg
542b6424-7f89-4231-aeee-ed6fcd053c6d	/sites/default/files/2021-06/535478-Thumbnail%20Image.jpg
2d82f54e-adea-4591-8c18-da7fa56c86a4	/sites/default/files/2021-06/535481-Thumbnail%20Image.jpg
f9518e2d-78ef-4bb2-b80e-98ec93c897e5	/sites/default/files/2021-06/535484-Thumbnail%20Image.jpg
5c0900cb-d312-4dd5-ae10-13f8bbfecd83	/sites/default/files/2021-06/535487-Thumbnail%20Image.jpg
f86163b6-275c-40fb-acc7-1b4cf9051363	/system/files/2021-06/535490-Service%20File.jpg,/sites/default/files/2021-06/535490-Thumbnail%20Image.jpg
6faf49e0-2f25-48ba-b492-8a6b25177b74	/system/files/2021-06/535491-Service%20File.jpg,/sites/default/files/2021-06/535491-Thumbnail%20Image.jpg
4335bdfa-da68-42ad-8bec-8e1cb90e319c	/sites/default/files/2021-06/535492-Thumbnail%20Image.jpg
4d67534c-e9ef-48d0-ab85-5f20ae90668b	/sites/default/files/2021-06/535496-Thumbnail%20Image.jpg
f3a553a9-7160-4dc8-9630-4263946369f7	/system/files/2021-06/535499-Service%20File.jpg,/sites/default/files/2021-06/535499-Thumbnail%20Image.jpg
aa9c5cca-4585-44b4-ae06-d08112e21167	/system/files/2021-06/535500-Service%20File.jpg,/sites/default/files/2021-06/535500-Thumbnail%20Image.jpg
3b107974-f2d9-484d-8cd3-42546ca75686	/system/files/2021-06/535501-Service%20File.jpg,/sites/default/files/2021-06/535501-Thumbnail%20Image.jpg
4c03bf79-791d-4e89-a5b2-9e01f39a1bed	/sites/default/files/2021-06/535502-Thumbnail%20Image.jpg
90246d3a-edd8-409f-8ada-da8b249aa431	/system/files/2021-06/535505-Service%20File.jpg,/sites/default/files/2021-06/535505-Thumbnail%20Image.jpg
491aae70-3538-4248-a413-abc6b4dfe331	/system/files/2021-06/535506-Service%20File.jpg,/sites/default/files/2021-06/535506-Thumbnail%20Image.jpg
2a21a1d2-8a52-4f9a-bd78-bc4d7179c8d4	/system/files/2021-06/535507-Service%20File.jpg,/sites/default/files/2021-06/535507-Thumbnail%20Image.jpg
233e7895-1918-4149-8aec-55ef92cca2e3	/system/files/2021-06/535508-Service%20File.jpg,/sites/default/files/2021-06/535508-Thumbnail%20Image.jpg
82d66424-21f7-4811-ac4d-e84e8f577536	/system/files/2021-06/535509-Service%20File.jpg,/sites/default/files/2021-06/535509-Thumbnail%20Image.jpg
8186be24-0c04-48ae-b66c-c22a54cfa3b2	/system/files/2021-06/535510-Service%20File.jpg,/sites/default/files/2021-06/535510-Thumbnail%20Image.jpg
39230bbd-8dd7-4a70-9ce5-101ef0d3efca	/system/files/2021-06/535511-Service%20File.jpg,/sites/default/files/2021-06/535511-Thumbnail%20Image.jpg
c269d47f-4f2f-468f-8854-2bb9f406b5b7	/system/files/2021-06/535512-Service%20File.jpg,/sites/default/files/2021-06/535512-Thumbnail%20Image.jpg
50aaa9e8-69b1-42d0-8a9c-d1387b1ca314	/system/files/2021-06/535513-Service%20File.jpg,/sites/default/files/2021-06/535513-Thumbnail%20Image.jpg
36212d1b-221e-4e86-a30b-a09c2be337e6	/system/files/2021-06/535514-Service%20File.jpg,/sites/default/files/2021-06/535514-Thumbnail%20Image.jpg
803a2ec3-0b5a-490d-b27e-e3cbd48bad0b	/sites/default/files/2021-06/535515-Thumbnail%20Image.jpg
b8a831c2-894a-43c5-b4e4-fae32490ff34	/system/files/2021-06/535518-Service%20File.jpg,/sites/default/files/2021-06/535518-Thumbnail%20Image.jpg
cf06e55a-e946-48c9-873b-ec4b5745a7cf	/system/files/2021-06/535519-Service%20File.jpg,/sites/default/files/2021-06/535519-Thumbnail%20Image.jpg
18e3bf76-ce3e-48c4-b11b-f567c6eeb79b	/system/files/2021-06/535520-Service%20File.jpg,/sites/default/files/2021-06/535520-Thumbnail%20Image.jpg
9e8b6f49-e351-4ba3-9fab-84f20650a092	/system/files/2021-06/535521-Service%20File.jpg,/sites/default/files/2021-06/535521-Thumbnail%20Image.jpg
21b764b1-60b0-4057-8919-9336a94ed4e9	/system/files/2021-06/535522-Service%20File.jpg,/sites/default/files/2021-06/535522-Thumbnail%20Image.jpg
e2101216-bce0-457b-998d-21ba40dd9b41	/system/files/2021-06/535523-Service%20File.jpg,/sites/default/files/2021-06/535523-Thumbnail%20Image.jpg
c2a3d03c-2c10-4c1d-833f-807bf4478013	/system/files/2021-06/535524-Service%20File.jpg,/sites/default/files/2021-06/535524-Thumbnail%20Image.jpg
888c24ef-b0c2-4cf6-84f1-abe0a5abcb68	/sites/default/files/2021-06/535525-Thumbnail%20Image.jpg
590ef1af-b01b-45b6-acf6-39e4eb294ff1	/system/files/2021-06/535534-Service%20File.jpg,/sites/default/files/2021-06/535534-Thumbnail%20Image.jpg
489ae281-687e-4cd4-8fce-e8ce07799a00	/sites/default/files/2021-06/535535-Thumbnail%20Image.jpg
df614e94-bc2b-4ba6-95ef-f7a2ae62e698	/sites/default/files/2021-06/535539-Thumbnail%20Image.jpg
8835dc83-1495-49ec-a38c-d70f997934fc	/system/files/2021-06/535542-Service%20File.jpg,/sites/default/files/2021-06/535542-Thumbnail%20Image.jpg
3273ac45-3879-4339-9f30-86ef90961bef	/system/files/2021-06/535543-Service%20File.jpg,/sites/default/files/2021-06/535543-Thumbnail%20Image.jpg
42121e94-7797-445e-9148-c79dcb9d9249	/system/files/2021-06/535544-Service%20File.jpg,/sites/default/files/2021-06/535544-Thumbnail%20Image.jpg
3e6d9d0d-ccc5-4a94-be03-e6cc8a83bb0c	/system/files/2021-06/535545-Service%20File.jpg,/sites/default/files/2021-06/535545-Thumbnail%20Image.jpg
dafa61e6-9a02-4064-943e-edcd2974c431	/system/files/2021-06/535546-Service%20File.jpg,/sites/default/files/2021-06/535546-Thumbnail%20Image.jpg
10156842-48d5-4a1a-8f12-b047d918dc8a	/system/files/2021-06/535547-Service%20File.jpg,/sites/default/files/2021-06/535547-Thumbnail%20Image.jpg
8560bfcd-1758-40a6-ac4a-46552306a5e4	/system/files/2021-06/535548-Service%20File.jpg,/sites/default/files/2021-06/535548-Thumbnail%20Image.jpg
0fc484bd-4bc5-4b63-ba35-9b3a1ee05eb6	/sites/default/files/2021-06/535549-Thumbnail%20Image.jpg
c585e688-d04f-4065-81cc-fe92bde32164	/sites/default/files/2021-06/535552-Thumbnail%20Image.jpg
958f96a3-3895-4b78-81fc-9bee4c8f76db	/system/files/2021-06/535558-Service%20File.jpg,/sites/default/files/2021-06/535558-Thumbnail%20Image.jpg
5a055690-51f9-4d15-a4a5-c6bb24b883a8	/system/files/2021-06/535559-Service%20File.jpg,/sites/default/files/2021-06/535559-Thumbnail%20Image.jpg
aec61c01-dc3b-49d9-bb0c-52befdc68658	/system/files/2021-06/535560-Service%20File.jpg,/sites/default/files/2021-06/535560-Thumbnail%20Image.jpg
e3b18423-a4ec-4ed0-b2d2-bc80d99e0c77	/system/files/2021-06/535561-Service%20File.jpg,/sites/default/files/2021-06/535561-Thumbnail%20Image.jpg
a1ef13d0-ae80-4c9d-b82c-4932f03a1bae	/system/files/2021-06/535562-Service%20File.jpg,/sites/default/files/2021-06/535562-Thumbnail%20Image.jpg
e7b59a0f-0cb5-4711-8a40-d240cd561180	/system/files/2021-06/535563-Service%20File.jpg,/sites/default/files/2021-06/535563-Thumbnail%20Image.jpg
9876e4fb-d595-4693-bdf5-d4ca0c6944d8	/system/files/2021-06/535564-Service%20File.jpg,/sites/default/files/2021-06/535564-Thumbnail%20Image.jpg
4d51a603-0ed1-41fb-bc20-9b08f89db912	/sites/default/files/2021-06/535565-Thumbnail%20Image.jpg
ec91d06c-4824-4328-93dc-0506a0c059ef	/system/files/2021-06/535568-Service%20File.jpg,/sites/default/files/2021-06/535568-Thumbnail%20Image.jpg
21dcb231-7aba-46be-91b5-431129edb5f4	/system/files/2021-06/535569-Service%20File.jpg,/sites/default/files/2021-06/535569-Thumbnail%20Image.jpg
496d4302-7a50-4398-a211-03698569c433	/sites/default/files/2021-06/535570-Thumbnail%20Image.jpg
764eedd3-033f-4f4c-9e43-a927b289b004	/system/files/2021-06/535573-Service%20File.jpg,/sites/default/files/2021-06/535573-Thumbnail%20Image.jpg
fdaaf200-ecae-44e3-9904-37ca315621b9	/sites/default/files/2021-06/535574-Thumbnail%20Image.jpg
3cb2afba-1d18-4c59-a4c1-e2cce9559bae	/sites/default/files/2021-06/535578-Thumbnail%20Image.jpg
dae51056-fc09-421d-80ab-d18b0cd6994b	/sites/default/files/2021-06/535582-Thumbnail%20Image.jpg
37d8e59f-b836-4ef6-8f48-4451722b493d	/system/files/2021-06/535585-Service%20File.jpg,/sites/default/files/2021-06/535585-Thumbnail%20Image.jpg
5d298bfd-b325-4b59-b3f3-7f8dd84d9313	/system/files/2021-06/535586-Service%20File.jpg,/sites/default/files/2021-06/535586-Thumbnail%20Image.jpg
31ac0ea1-8c23-43a9-afe1-f25ceaa9e7d8	/system/files/2021-06/535587-Service%20File.jpg,/sites/default/files/2021-06/535587-Thumbnail%20Image.jpg
d671e653-79e7-453f-a922-30d42385f51d	/system/files/2021-06/535588-Service%20File.jpg,/sites/default/files/2021-06/535588-Thumbnail%20Image.jpg
6db52c8f-6d1f-4f05-a08e-00a42a166d6d	/system/files/2021-06/535589-Service%20File.jpg,/sites/default/files/2021-06/535589-Thumbnail%20Image.jpg
0faf5caf-d62d-4a3f-ae86-300be0e6d5d6	/sites/default/files/2021-06/535590-Thumbnail%20Image.jpg
ed0c93d7-9f13-47f2-8b42-2b472ee28c5c	/system/files/2021-06/535594-Service%20File.jpg,/sites/default/files/2021-06/535594-Thumbnail%20Image.jpg
714b55cc-9699-4854-b55f-3247ea92dbaf	/system/files/2021-06/535595-Service%20File.jpg,/sites/default/files/2021-06/535595-Thumbnail%20Image.jpg
ede593d1-350a-4fbe-bfb6-774f06cf79db	/system/files/2021-06/535596-Service%20File.jpg,/sites/default/files/2021-06/535596-Thumbnail%20Image.jpg
daaad068-f3ca-4249-a89b-059874cdf96a	/system/files/2021-06/535597-Service%20File.jpg,/sites/default/files/2021-06/535597-Thumbnail%20Image.jpg
e4469fc9-28f8-48a4-92f4-715a45042802	/system/files/2021-06/535598-Service%20File.jpg,/sites/default/files/2021-06/535598-Thumbnail%20Image.jpg
d8b2c8bf-c2d7-4e05-a801-61832d1372c3	/system/files/2021-06/535599-Service%20File.jpg,/sites/default/files/2021-06/535599-Thumbnail%20Image.jpg
46ac17f6-250c-4065-91d3-e3b35e3aca68	/system/files/2021-06/535600-Service%20File.jpg,/sites/default/files/2021-06/535600-Thumbnail%20Image.jpg
a19af465-09cc-418c-b562-2ba6a7cf994f	/system/files/2021-06/535601-Service%20File.jpg,/sites/default/files/2021-06/535601-Thumbnail%20Image.jpg
a1569d9f-1a5a-454a-a34a-429b7ab53d64	/system/files/2021-06/535602-Service%20File.jpg,/sites/default/files/2021-06/535602-Thumbnail%20Image.jpg
90a64344-717d-4c36-b8f6-7dd021f47422	/system/files/2021-06/535603-Service%20File.jpg,/sites/default/files/2021-06/535603-Thumbnail%20Image.jpg
750eae90-5b2d-433a-8dbf-a04a41bb9ce3	/system/files/2021-06/535604-Service%20File.jpg,/sites/default/files/2021-06/535604-Thumbnail%20Image.jpg
356b12bb-bccb-4c0b-845e-92677c499eac	/sites/default/files/2021-06/535605-Thumbnail%20Image.jpg
2061ec33-f9df-49d7-bfbf-198140cb4654	/system/files/2021-06/535608-Service%20File.jpg,/sites/default/files/2021-06/535608-Thumbnail%20Image.jpg
ae19a747-06f9-40ee-b156-bd98a97fb591	/system/files/2021-06/535609-Service%20File.jpg,/sites/default/files/2021-06/535609-Thumbnail%20Image.jpg
7cbdcd05-6eed-40d7-b1af-0c9bcaccea16	/system/files/2021-06/535610-Service%20File.jpg,/sites/default/files/2021-06/535610-Thumbnail%20Image.jpg
16bcba95-8ce0-4be6-99be-816175e8e548	/system/files/2021-06/535611-Service%20File.jpg,/sites/default/files/2021-06/535611-Thumbnail%20Image.jpg
c6469e3a-2df3-4225-b5f4-b4959fe01332	/sites/default/files/2021-06/535612-Thumbnail%20Image.jpg
688fc168-dfa5-4136-be23-8d01d86e221e	/system/files/2021-06/535615-Service%20File.jpg,/sites/default/files/2021-06/535615-Thumbnail%20Image.jpg
e8c0cf1c-46a7-4061-b081-b70e6795dfc7	/system/files/2021-06/535616-Service%20File.jpg,/sites/default/files/2021-06/535616-Thumbnail%20Image.jpg
61912903-0ead-4178-9da3-dc2d247e5cc1	/sites/default/files/2021-06/535617-Thumbnail%20Image.jpg
baa8a968-d19e-4ecf-82d3-4ed072aea4c4	/system/files/2021-06/535620-Service%20File.jpg,/sites/default/files/2021-06/535620-Thumbnail%20Image.jpg
dd9673d1-2e7f-445b-a5a9-08a1d5dd28f9	/system/files/2021-06/535621-Service%20File.jpg,/sites/default/files/2021-06/535621-Thumbnail%20Image.jpg
c34843d1-aae9-4273-9e2c-43d49f7b295f	/system/files/2021-06/535622-Service%20File.jpg,/sites/default/files/2021-06/535622-Thumbnail%20Image.jpg
2ef276e6-4519-462b-8392-4aeb8ad33792	/system/files/2021-06/535623-Service%20File.jpg,/sites/default/files/2021-06/535623-Thumbnail%20Image.jpg
834804f5-2658-46f1-8fce-7c2b7f0eacb8	/system/files/2021-06/535624-Service%20File.jpg,/sites/default/files/2021-06/535624-Thumbnail%20Image.jpg
be333eb2-a030-4161-8915-dc63fd73150c	/system/files/2021-06/535625-Service%20File.jpg,/sites/default/files/2021-06/535625-Thumbnail%20Image.jpg
a661477d-de6e-44dc-9d91-dd83adf34253	/system/files/2021-06/535626-Service%20File.jpg,/sites/default/files/2021-06/535626-Thumbnail%20Image.jpg
20142d95-b8b3-4bc9-984f-f2e4c5405466	/system/files/2021-06/535627-Service%20File.jpg,/sites/default/files/2021-06/535627-Thumbnail%20Image.jpg
161f7fe5-6c0a-4c9a-8210-c789ee6bba5c	/system/files/2021-06/535628-Service%20File.jpg,/sites/default/files/2021-06/535628-Thumbnail%20Image.jpg
a4555af3-8f18-4e63-801a-2d921842b4f5	/system/files/2021-06/535629-Service%20File.jpg,/sites/default/files/2021-06/535629-Thumbnail%20Image.jpg
d9c59c21-bd4a-4eea-a1fe-f1abbb9f03d8	/system/files/2021-06/535630-Service%20File.jpg,/sites/default/files/2021-06/535630-Thumbnail%20Image.jpg
5b614c7c-425c-47f2-ac43-70d7afc1a2cb	/system/files/2021-06/535631-Service%20File.jpg,/sites/default/files/2021-06/535631-Thumbnail%20Image.jpg
2a4b01e7-3a44-41a0-a253-7908a021a92d	/system/files/2021-06/535632-Service%20File.jpg,/sites/default/files/2021-06/535632-Thumbnail%20Image.jpg
e40dbcc2-d34a-4387-b6e2-d7b8591abbdb	/system/files/2021-06/535633-Service%20File.jpg,/sites/default/files/2021-06/535633-Thumbnail%20Image.jpg
908ca321-024e-40ac-8521-024dd075e1ec	/system/files/2021-06/535634-Service%20File.jpg,/sites/default/files/2021-06/535634-Thumbnail%20Image.jpg
1a5b9a73-3657-472f-a50d-34bc9b84c173	/system/files/2021-06/535635-Service%20File.jpg,/sites/default/files/2021-06/535635-Thumbnail%20Image.jpg
4b545859-8d30-4e54-b235-4f8f0dc605db	/system/files/2021-06/535636-Service%20File.jpg,/sites/default/files/2021-06/535636-Thumbnail%20Image.jpg
5a4bf7e4-db56-4cf6-9ebf-f05470a15e7d	/system/files/2021-06/535637-Service%20File.jpg,/sites/default/files/2021-06/535637-Thumbnail%20Image.jpg
148ef4db-c19f-48a7-8cfe-98dd4785ba0f	/system/files/2021-06/535638-Service%20File.jpg,/sites/default/files/2021-06/535638-Thumbnail%20Image.jpg
ddca8977-51cb-4e27-8b49-b38e7779ed5d	/system/files/2021-06/535639-Service%20File.jpg,/sites/default/files/2021-06/535639-Thumbnail%20Image.jpg
a588f7dc-953e-4cf6-bced-830af2229ff1	/system/files/2021-06/535640-Service%20File.jpg,/sites/default/files/2021-06/535640-Thumbnail%20Image.jpg
38bc0fae-aa4d-4402-9370-883dac5bd23c	/system/files/2021-06/535641-Service%20File.jpg,/sites/default/files/2021-06/535641-Thumbnail%20Image.jpg
3f7713b4-abdc-4147-9e12-325775ce95e3	/system/files/2021-06/535642-Service%20File.jpg,/sites/default/files/2021-06/535642-Thumbnail%20Image.jpg
eadd5200-acc2-468a-8978-635e17d16b25	/sites/default/files/2021-06/535643-Thumbnail%20Image.jpg
037adb67-937a-4fc7-8f0f-c1061fc8cf82	/sites/default/files/2021-06/535653-Thumbnail%20Image.jpg
a367aad4-0c5e-47cc-873c-7f1b60a1b480	/sites/default/files/2021-06/535656-Thumbnail%20Image.jpg
3fc9f39a-c68b-499d-a03e-2959c01b512b	/sites/default/files/2021-06/535660-Thumbnail%20Image.jpg
8ecad97a-92e5-42bb-9f3b-c11d9788160b	/sites/default/files/2021-06/535663-Thumbnail%20Image.jpg
4e2e290a-9d79-4cc7-9fb8-084136e670b1	/sites/default/files/2021-06/535666-Thumbnail%20Image.jpg
561b68d4-393d-4efb-8a60-6d4af95f448d	/sites/default/files/2021-06/535669-Thumbnail%20Image.jpg
9c9d9e01-a744-42ba-834f-6c19eaab26d6	/system/files/2021-06/535675-Service%20File.jpg,/sites/default/files/2021-06/535675-Thumbnail%20Image.jpg
56092603-a40a-4b84-8393-0a08f2850464	/sites/default/files/2021-06/535676-Thumbnail%20Image.jpg
c9ad421d-87a4-40d2-991a-7af9c4162fc9	/sites/default/files/2021-06/535679-Thumbnail%20Image.jpg
a0257f94-f3d8-4940-ad72-593bc416432b	/sites/default/files/2021-06/535688-Thumbnail%20Image.jpg
bd63676c-5253-495b-b579-2f08bec9fcf1	/sites/default/files/2021-06/535691-Thumbnail%20Image.jpg
f060e40e-db63-439a-8a52-6e2a86d14f0e	/sites/default/files/2021-06/535697-Thumbnail%20Image.jpg
6878cfb7-fbd5-485e-b717-69930d5b2b52	/sites/default/files/2021-06/535703-Thumbnail%20Image.jpg
4589da47-1a68-4823-81f6-bff1b8613a6e	/sites/default/files/2021-06/535707-Thumbnail%20Image.jpg
ad55972b-75d2-403a-b554-84ab5f98c2b6	/sites/default/files/2021-06/535714-Thumbnail%20Image.jpg
6cbde7bf-1658-4705-bbd6-adfc40953e99	/sites/default/files/2021-06/535717-Thumbnail%20Image.jpg
3e23426d-b097-4fa1-b3ae-eb8f8c1ce52e	/sites/default/files/2021-06/535720-Thumbnail%20Image.jpg
34096b6a-83b7-4bbe-8337-c227ee8be6a1	/system/files/2021-06/535724-Service%20File.jpg,/sites/default/files/2021-06/535724-Thumbnail%20Image.jpg
ce88b664-07d6-46eb-a4d3-d0aff83742c4	/system/files/2021-06/535725-Service%20File.jpg,/sites/default/files/2021-06/535725-Thumbnail%20Image.jpg
296eab24-0d6f-4421-a740-fd9db9fafb0f	/system/files/2021-06/535726-Service%20File.jpg,/sites/default/files/2021-06/535726-Thumbnail%20Image.jpg
ee1a900a-e0d6-4154-8f93-472c4c6d6ef8	/system/files/2021-06/535727-Service%20File.jpg,/sites/default/files/2021-06/535727-Thumbnail%20Image.jpg
cb398674-73cd-4755-8224-14a2c5ddc984	/sites/default/files/2021-06/535728-Thumbnail%20Image.jpg
cbfe51e0-67a3-4491-bc7a-6df1617cdbd5	/sites/default/files/2021-06/535731-Thumbnail%20Image.jpg
154ad94d-f63a-4aae-aa91-1c48977b8f5a	/sites/default/files/2021-06/535734-Thumbnail%20Image.jpg
393be081-9da3-4022-9b26-8bb4a4f9dc69	/sites/default/files/2021-06/535748-Thumbnail%20Image.jpg
7e898336-e5cf-44a1-8dba-d0cb94b8e7ee	/system/files/2021-06/535751-Service%20File.jpg,/sites/default/files/2021-06/535751-Thumbnail%20Image.jpg
21f1890e-e988-40e1-82ca-7b561eddbd57	/system/files/2021-06/535752-Service%20File.jpg,/sites/default/files/2021-06/535752-Thumbnail%20Image.jpg
cfc34e56-c202-4155-b7a7-c2308c610d43	/system/files/2021-06/535753-Service%20File.jpg,/sites/default/files/2021-06/535753-Thumbnail%20Image.jpg
f9fd910f-a7bb-46d6-b08c-6443165fcbcf	/system/files/2021-06/535754-Service%20File.jpg,/sites/default/files/2021-06/535754-Thumbnail%20Image.jpg
bd0cf235-48ee-4e76-a594-2ca8074bd5d1	/system/files/2021-06/535755-Service%20File.jpg,/sites/default/files/2021-06/535755-Thumbnail%20Image.jpg
21ff5a45-b5e1-4ebf-b9cf-8ecbc46d4835	/system/files/2021-06/535756-Service%20File.jpg,/sites/default/files/2021-06/535756-Thumbnail%20Image.jpg
5535d5dd-ba56-4786-9e7d-25b03ff618c9	/system/files/2021-06/535757-Service%20File.jpg,/sites/default/files/2021-06/535757-Thumbnail%20Image.jpg
201f642f-1977-4644-8859-22ff1ace36a6	/system/files/2021-06/535758-Service%20File.jpg,/sites/default/files/2021-06/535758-Thumbnail%20Image.jpg
b66d7133-c73d-464e-8c5d-8f309e2b53b6	/system/files/2021-06/535759-Service%20File.jpg,/sites/default/files/2021-06/535759-Thumbnail%20Image.jpg
fe53229f-0a46-4e2b-ba84-7c10eb89c769	/system/files/2021-06/535760-Service%20File.jpg,/sites/default/files/2021-06/535760-Thumbnail%20Image.jpg
f3aa991b-156d-4a63-895f-7692edad984a	/system/files/2021-06/535761-Service%20File.jpg,/sites/default/files/2021-06/535761-Thumbnail%20Image.jpg
96d05399-a6ea-45b5-8762-5ed76efe8bc5	/system/files/2021-06/535762-Service%20File.jpg,/sites/default/files/2021-06/535762-Thumbnail%20Image.jpg
6315343d-a856-4c6d-adb0-71685ba87013	/system/files/2021-06/535763-Service%20File.jpg,/sites/default/files/2021-06/535763-Thumbnail%20Image.jpg
de299136-f8b9-47ee-af7d-6c08de7445d0	/sites/default/files/2021-06/535764-Thumbnail%20Image.jpg
2531f217-aea0-4da0-aa5e-26c9497524cf	/system/files/2021-06/535767-Service%20File.jpg,/sites/default/files/2021-06/535767-Thumbnail%20Image.jpg
a71cbf94-041e-4617-920a-c606a35a7632	/sites/default/files/2021-06/535768-Thumbnail%20Image.jpg
91f6e53d-4506-4acf-8655-41d055b08c60	/sites/default/files/2021-06/535771-Thumbnail%20Image.jpg
de710826-db64-4165-890c-83cf11893adf	/system/files/2021-06/535777-Service%20File.jpg,/sites/default/files/2021-06/535777-Thumbnail%20Image.jpg
8204a3ab-a0f3-4a2b-b4f6-ac1afb077cdc	/sites/default/files/2021-06/535778-Thumbnail%20Image.jpg
9acc1707-56ba-404e-9dec-bc5721a9b5d2	/system/files/2021-06/535781-Service%20File.jpg,/sites/default/files/2021-06/535781-Thumbnail%20Image.jpg
4eb34b86-5a02-45ce-a9b9-3d649b434a1b	/system/files/2021-06/535782-Service%20File.jpg,/sites/default/files/2021-06/535782-Thumbnail%20Image.jpg
4fc1044b-288c-40c0-a3d9-88957126c00c	/system/files/2021-06/535783-Service%20File.jpg,/sites/default/files/2021-06/535783-Thumbnail%20Image.jpg
0532e288-bd38-43d4-bdf7-dbfce333c082	/sites/default/files/2021-06/535784-Thumbnail%20Image.jpg
1f5662d1-f27b-47de-9702-570dd55bcd6b	/system/files/2021-06/535787-Service%20File.jpg,/sites/default/files/2021-06/535787-Thumbnail%20Image.jpg
8ac6d33a-6ae8-4015-8963-647d55385d73	/sites/default/files/2021-06/535788-Thumbnail%20Image.jpg
be328365-1ec5-4625-a098-628965ea621f	/sites/default/files/2021-06/535792-Thumbnail%20Image.jpg
331d3495-357a-4b0a-95f3-a83c37433fcf	/system/files/2021-06/535796-Service%20File.jpg,/sites/default/files/2021-06/535796-Thumbnail%20Image.jpg
47c54fd4-5b29-4190-8de5-7ac37a48a44a	/sites/default/files/2021-06/535797-Thumbnail%20Image.jpg
c7be0429-a8cf-492f-b3db-887bc391fde9	/system/files/2021-06/535800-Service%20File.jpg,/sites/default/files/2021-06/535800-Thumbnail%20Image.jpg
1e056332-98bb-46b8-987c-bb2ade921c8d	/system/files/2021-06/535801-Service%20File.jpg,/sites/default/files/2021-06/535801-Thumbnail%20Image.jpg
a04ea84d-5421-466e-b36c-74531dad8550	/system/files/2021-06/535802-Service%20File.jpg,/sites/default/files/2021-06/535802-Thumbnail%20Image.jpg
e5180a25-ca65-42a4-a4d7-4417221034a0	/system/files/2021-06/535803-Service%20File.jpg,/sites/default/files/2021-06/535803-Thumbnail%20Image.jpg
7b4335a0-af87-4abc-94df-82e3b6d71c2f	/system/files/2021-06/535804-Service%20File.jpg,/sites/default/files/2021-06/535804-Thumbnail%20Image.jpg
9df23613-505f-4c2b-9b3c-99ecd9b46491	/sites/default/files/2021-06/535805-Thumbnail%20Image.jpg
5efd1a1f-34a6-4909-8d61-d4111488f6fb	/sites/default/files/2021-06/535809-Thumbnail%20Image.jpg
54f5f927-ede2-4c7f-8deb-ee2433a8ec3b	/system/files/2021-06/535813-Service%20File.jpg,/sites/default/files/2021-06/535813-Thumbnail%20Image.jpg
c41ffce7-6302-4097-a708-947df505233e	/system/files/2021-06/535814-Service%20File.jpg,/sites/default/files/2021-06/535814-Thumbnail%20Image.jpg
a8521181-6fa1-44b6-9e2e-f08859cb1a4b	/sites/default/files/2021-06/535815-Thumbnail%20Image.jpg
eaf729c1-97bc-4743-b904-9d6e1be8be29	/system/files/2021-06/535818-Service%20File.jpg,/sites/default/files/2021-06/535818-Thumbnail%20Image.jpg
bfe0a2ea-b078-4762-965f-c88ba9f7812d	/system/files/2021-06/535819-Service%20File.jpg,/sites/default/files/2021-06/535819-Thumbnail%20Image.jpg
ea2ee963-b750-475a-808a-e75448e2b214	/sites/default/files/2021-06/535820-Thumbnail%20Image.jpg
19499f72-5c17-4a55-8771-ddb35deaa7e8	/system/files/2021-06/535824-Service%20File.jpg,/sites/default/files/2021-06/535824-Thumbnail%20Image.jpg
5594ea59-97a3-4d19-b883-a9112364ceaa	/sites/default/files/2021-06/535825-Thumbnail%20Image.jpg
8469d8b5-1196-45b0-ab4c-d36b6af9963f	/sites/default/files/2021-06/535828-Thumbnail%20Image.jpg
2a2d354a-cb61-4b08-9a17-418dad189631	/sites/default/files/2021-06/535831-Thumbnail%20Image.jpg
42bff7e7-8b1a-4baf-8e93-1b3c96045473	/sites/default/files/2021-06/535834-Thumbnail%20Image.jpg
142be8b4-f681-492c-8621-cfd3d71aa164	/system/files/2021-06/535837-Service%20File.jpg,/sites/default/files/2021-06/535837-Thumbnail%20Image.jpg
de42b960-2bf3-453a-9510-9af09bca67ed	/sites/default/files/2021-06/535838-Thumbnail%20Image.jpg
87f9c015-5ff3-4f3e-8ee9-94d990995a2d	/system/files/2021-06/535841-Service%20File.jpg,/sites/default/files/2021-06/535841-Thumbnail%20Image.jpg
8a209c41-38ad-4469-8a3a-78ebc7c387d1	/system/files/2021-06/535842-Service%20File.jpg,/sites/default/files/2021-06/535842-Thumbnail%20Image.jpg
efacf1e2-e872-4737-acb1-c10dafb70be7	/system/files/2021-06/535843-Service%20File.jpg,/sites/default/files/2021-06/535843-Thumbnail%20Image.jpg
3a96efa4-6762-495c-90cb-a9a484c097bb	/sites/default/files/2021-06/535844-Thumbnail%20Image.jpg
1dbfb49e-5826-4b0b-8c36-067ebe8f6fa8	/system/files/2021-06/535847-Service%20File.jpg,/sites/default/files/2021-06/535847-Thumbnail%20Image.jpg
2446d7be-2487-4a66-83aa-5f60fe0daab5	/system/files/2021-06/535848-Service%20File.jpg,/sites/default/files/2021-06/535848-Thumbnail%20Image.jpg
d24615c2-acc6-450d-bac5-a5c9eb80cd7c	/sites/default/files/2021-06/535849-Thumbnail%20Image.jpg
0b72c1cf-2a7b-4a8d-9efd-6ce37d87130e	/system/files/2021-06/535852-Service%20File.jpg,/sites/default/files/2021-06/535852-Thumbnail%20Image.jpg
f7ce7160-72b6-46fe-a1cb-8fdba8d1e966	/system/files/2021-06/535853-Service%20File.jpg,/sites/default/files/2021-06/535853-Thumbnail%20Image.jpg
afa22299-5928-40a3-92c8-19f5d9e7eaf8	/system/files/2021-06/535854-Service%20File.jpg,/sites/default/files/2021-06/535854-Thumbnail%20Image.jpg
e7f03809-b948-4612-a885-d1ef2f51880d	/system/files/2021-06/535855-Service%20File.jpg,/sites/default/files/2021-06/535855-Thumbnail%20Image.jpg
eea7a036-2a98-409b-b9a7-9628d96d0bff	/system/files/2021-06/535856-Service%20File.jpg,/sites/default/files/2021-06/535856-Thumbnail%20Image.jpg
c8f11b9c-d76d-4874-9ea9-a7d776c35435	/system/files/2021-06/535857-Service%20File.jpg,/sites/default/files/2021-06/535857-Thumbnail%20Image.jpg
0e5e81ed-fac6-4f1d-9674-364c0459593c	/sites/default/files/2021-06/535858-Thumbnail%20Image.jpg
e2de8c76-4000-4afe-9113-0b6e444c67ad	/system/files/2021-06/535862-Service%20File.jpg,/sites/default/files/2021-06/535862-Thumbnail%20Image.jpg
1c319a83-c483-4c64-90fc-ada177d306ba	/system/files/2021-06/535863-Service%20File.jpg,/sites/default/files/2021-06/535863-Thumbnail%20Image.jpg
f546dd08-46d8-4efa-9d3e-f6e7c7a2ba5a	/system/files/2021-06/535864-Service%20File.jpg,/sites/default/files/2021-06/535864-Thumbnail%20Image.jpg
b24e69e7-2289-4a27-82f9-1ac6db186c4c	/system/files/2021-06/535865-Service%20File.jpg,/sites/default/files/2021-06/535865-Thumbnail%20Image.jpg
75ef771f-bf55-40ea-a575-6c3f4c4ba96c	/system/files/2021-06/535866-Service%20File.jpg,/sites/default/files/2021-06/535866-Thumbnail%20Image.jpg
917264c2-acb2-4663-90a2-7e1a89ba5bc6	/sites/default/files/2021-06/535867-Thumbnail%20Image.jpg
4fe2281d-f35d-428c-a27b-82066b4afa49	/sites/default/files/2021-06/535870-Thumbnail%20Image.jpg
40793104-ed2b-4904-b736-96cd9abd49f6	/sites/default/files/2021-06/535873-Thumbnail%20Image.jpg
9030b19b-be7f-41c2-a8c4-35e2a2a10882	/system/files/2021-06/535876-Service%20File.jpg,/sites/default/files/2021-06/535876-Thumbnail%20Image.jpg
14cd533c-0757-45de-9d83-fca92fa330b9	/system/files/2021-06/535877-Service%20File.jpg,/sites/default/files/2021-06/535877-Thumbnail%20Image.jpg
43c48b77-84ea-45fe-89bb-3f5fc494718e	/system/files/2021-06/535878-Service%20File.jpg,/sites/default/files/2021-06/535878-Thumbnail%20Image.jpg
2fd4022f-0656-46f2-bc8d-c505e04d08d7	/system/files/2021-06/535879-Service%20File.jpg,/sites/default/files/2021-06/535879-Thumbnail%20Image.jpg
477b0d87-fc58-4089-a274-0eecbc6532fb	/sites/default/files/2021-06/535880-Thumbnail%20Image.jpg
5b56bb4f-67fa-426e-a365-ca3e47e4c623	/system/files/2021-06/535884-Service%20File.jpg,/sites/default/files/2021-06/535884-Thumbnail%20Image.jpg
ee98a03d-dacb-480f-abea-e5bd7fc1fa26	/sites/default/files/2021-06/535885-Thumbnail%20Image.jpg
746e7fc6-8e8b-41ee-9af5-8e41e7e5dde8	/system/files/2021-06/535889-Service%20File.jpg,/sites/default/files/2021-06/535889-Thumbnail%20Image.jpg
677f33ac-2458-49e0-9b12-7d6f8f5d19cc	/system/files/2021-06/535890-Service%20File.jpg,/sites/default/files/2021-06/535890-Thumbnail%20Image.jpg
2149b93b-68c8-40af-95b4-f09b8c4d0dbf	/system/files/2021-06/535891-Service%20File.jpg,/sites/default/files/2021-06/535891-Thumbnail%20Image.jpg
35e4b5b5-990e-4129-b3ca-74b83b287009	/system/files/2021-06/535892-Service%20File.jpg,/sites/default/files/2021-06/535892-Thumbnail%20Image.jpg
7f30a658-b856-405b-b361-eb24ba23509f	/system/files/2021-06/535893-Service%20File.jpg,/sites/default/files/2021-06/535893-Thumbnail%20Image.jpg
2616b4e1-9705-484a-8ebf-6d88d67fbc6c	/system/files/2021-06/535894-Service%20File.jpg,/sites/default/files/2021-06/535894-Thumbnail%20Image.jpg
5df63a90-dc2c-4a24-af5f-6b3a9ce2a79b	/sites/default/files/2021-06/535895-Thumbnail%20Image.jpg
c494b748-5ac1-4613-b3ef-57b0f9b3e20c	/sites/default/files/2021-06/535898-Thumbnail%20Image.jpg
0160c82b-efe8-4f7e-a5de-90c2b5496a2a	/system/files/2021-06/535901-Service%20File.jpg,/sites/default/files/2021-06/535901-Thumbnail%20Image.jpg
1c60b09e-3ba4-401e-baff-114923ac9cb8	/system/files/2021-06/535902-Service%20File.jpg,/sites/default/files/2021-06/535902-Thumbnail%20Image.jpg
404bd6e7-812c-4dd5-8870-3fd5e38ee3ae	/sites/default/files/2021-06/535903-Thumbnail%20Image.jpg
350d600e-2f92-4df8-8d19-1c67916940d6	/sites/default/files/2021-06/535906-Thumbnail%20Image.jpg
3751344b-d148-4d1e-9d80-201c5785ed72	/system/files/2021-06/535909-Service%20File.jpg,/sites/default/files/2021-06/535909-Thumbnail%20Image.jpg
fcfb0873-18ab-4a78-aadf-8d1be3bcb411	/system/files/2021-06/535910-Service%20File.jpg,/sites/default/files/2021-06/535910-Thumbnail%20Image.jpg
17dbae48-afaa-4930-aefa-958ecc004ac7	/system/files/2021-06/535911-Service%20File.jpg,/sites/default/files/2021-06/535911-Thumbnail%20Image.jpg
ba725df0-905a-423d-a0bd-04557fcbf93b	/system/files/2021-06/535912-Service%20File.jpg,/sites/default/files/2021-06/535912-Thumbnail%20Image.jpg
9da84b14-3bf1-4acf-be7a-010bcb405f0f	/system/files/2021-06/535913-Service%20File.jpg,/sites/default/files/2021-06/535913-Thumbnail%20Image.jpg
d3f2e21f-3769-470b-abb5-488178f3e0fb	/sites/default/files/2021-06/535914-Thumbnail%20Image.jpg
2e6e58f5-792f-4e2c-aa4b-c810f9ac3199	/sites/default/files/2021-06/535917-Thumbnail%20Image.jpg
2c34b2a2-04b5-4276-991d-b35df051aadf	/sites/default/files/2021-06/535921-Thumbnail%20Image.jpg
ae6b3bb9-c842-4f50-9f26-a662f57b4520	/system/files/2021-06/535924-Service%20File.jpg,/sites/default/files/2021-06/535924-Thumbnail%20Image.jpg
4dba13b2-b977-4798-874f-214f1bbbdc08	/system/files/2021-06/535925-Service%20File.jpg,/sites/default/files/2021-06/535925-Thumbnail%20Image.jpg
39bdfc69-8e86-4e4d-9dcf-47c809fcd46c	/system/files/2021-06/535926-Service%20File.jpg,/sites/default/files/2021-06/535926-Thumbnail%20Image.jpg
36c9542f-1f49-4f89-a30b-41f1e1d9b8b3	/system/files/2021-06/535927-Service%20File.jpg,/sites/default/files/2021-06/535927-Thumbnail%20Image.jpg
6ff6411e-45d5-4f24-ab36-669cad1823ad	/system/files/2021-06/535928-Service%20File.jpg,/sites/default/files/2021-06/535928-Thumbnail%20Image.jpg
76df2abb-0f44-43ca-bccf-21715ad10a28	/system/files/2021-06/535929-Service%20File.jpg,/sites/default/files/2021-06/535929-Thumbnail%20Image.jpg
6af03b36-4229-4072-97c2-d86e645a47e3	/system/files/2021-06/535930-Service%20File.jpg,/sites/default/files/2021-06/535930-Thumbnail%20Image.jpg
d0b8d8f8-3ed2-4ca6-accf-b634b202cab5	/system/files/2021-06/535931-Service%20File.jpg,/sites/default/files/2021-06/535931-Thumbnail%20Image.jpg
18379b50-9361-4900-9239-c8a37596c030	/sites/default/files/2021-06/535932-Thumbnail%20Image.jpg
29f06c56-0585-4eaa-a4b7-6ae11735e359	/system/files/2021-06/535935-Service%20File.jpg,/sites/default/files/2021-06/535935-Thumbnail%20Image.jpg
0325220f-e02d-4847-a334-f8559b0f1385	/system/files/2021-06/535936-Service%20File.jpg,/sites/default/files/2021-06/535936-Thumbnail%20Image.jpg
24f165eb-9a4b-40c4-96c3-1a93eba186dc	/sites/default/files/2021-06/535937-Thumbnail%20Image.jpg
af038d33-1028-4af1-a3ab-07bd6ce55621	/sites/default/files/2021-06/535940-Thumbnail%20Image.jpg
afb84d7a-216d-460f-a7cd-db5ef8c22022	/system/files/2021-06/535943-Service%20File.jpg,/sites/default/files/2021-06/535943-Thumbnail%20Image.jpg
6cfaa3e5-1d64-43cb-b809-bc7b782a2df5	/system/files/2021-06/535944-Service%20File.jpg,/sites/default/files/2021-06/535944-Thumbnail%20Image.jpg
c0e40d60-7e54-44f6-a482-61dddd027d5c	/system/files/2021-06/535945-Service%20File.jpg,/sites/default/files/2021-06/535945-Thumbnail%20Image.jpg
4e185f2d-cd13-42b5-ad32-86fa5d12ece0	/system/files/2021-06/535946-Service%20File.jpg,/sites/default/files/2021-06/535946-Thumbnail%20Image.jpg
21faf0f8-f37b-4905-9421-45a9cf193b08	/system/files/2021-06/535947-Service%20File.jpg,/sites/default/files/2021-06/535947-Thumbnail%20Image.jpg
316feb73-1a1f-40fe-af79-6e6cfb420515	/sites/default/files/2021-06/535948-Thumbnail%20Image.jpg
a671a93a-ec27-46f7-9c59-f424b0570115	/system/files/2021-06/535951-Service%20File.jpg,/sites/default/files/2021-06/535951-Thumbnail%20Image.jpg
cf4a3547-f86a-45b2-9219-1cbf76a089d2	/system/files/2021-06/535952-Service%20File.jpg,/sites/default/files/2021-06/535952-Thumbnail%20Image.jpg
4a52689c-20ab-4a30-a3b6-0c7fa046180f	/system/files/2021-06/535953-Service%20File.jpg,/sites/default/files/2021-06/535953-Thumbnail%20Image.jpg
c27963c8-fa1c-4f46-8c6e-d7ea5d86c04e	/system/files/2021-06/535954-Service%20File.jpg,/sites/default/files/2021-06/535954-Thumbnail%20Image.jpg
b916504e-f5c4-4274-a159-a3fd4cc2c557	/system/files/2021-06/535955-Service%20File.jpg,/sites/default/files/2021-06/535955-Thumbnail%20Image.jpg
71480d39-7e9c-4208-ad1c-8a3416e65a11	/system/files/2021-06/535956-Service%20File.jpg,/sites/default/files/2021-06/535956-Thumbnail%20Image.jpg
59d92526-9855-4865-83fc-201c35b4e922	/system/files/2021-06/535957-Service%20File.jpg,/sites/default/files/2021-06/535957-Thumbnail%20Image.jpg
d3dfd1fa-88ed-45dd-a7e6-756c1e845d9e	/sites/default/files/2021-06/535958-Thumbnail%20Image.jpg
761c3fc3-c05a-4685-b2c5-541884fda729	/system/files/2021-06/535961-Service%20File.jpg,/sites/default/files/2021-06/535961-Thumbnail%20Image.jpg
b2112961-d3c4-4972-9a0b-3ceb8181f910	/sites/default/files/2021-06/535962-Thumbnail%20Image.jpg
34dee699-ae77-448b-8575-c7840e2f117f	/system/files/2021-06/535965-Service%20File.jpg,/sites/default/files/2021-06/535965-Thumbnail%20Image.jpg
ce0b0d79-e560-49c5-8de3-0ca97a202304	/system/files/2021-06/535966-Service%20File.jpg,/sites/default/files/2021-06/535966-Thumbnail%20Image.jpg
55bb6fa8-ec78-4d74-b7f9-41dad8c23023	/system/files/2021-06/535967-Service%20File.jpg,/sites/default/files/2021-06/535967-Thumbnail%20Image.jpg
6420676b-5d88-4101-97ec-72c2c34cfc4d	/system/files/2021-06/535968-Service%20File.jpg,/sites/default/files/2021-06/535968-Thumbnail%20Image.jpg
a3013b10-fd3e-4790-bb13-a9695da30071	/system/files/2021-06/535969-Service%20File.jpg,/sites/default/files/2021-06/535969-Thumbnail%20Image.jpg
01152ee9-965e-4615-b556-9e6579549149	/system/files/2021-06/535970-Service%20File.jpg,/sites/default/files/2021-06/535970-Thumbnail%20Image.jpg
05576164-2dcf-4219-8d60-dcdab760100b	/sites/default/files/2021-06/535971-Thumbnail%20Image.jpg
2ed89b86-f968-4b30-84b3-865b27612beb	/system/files/2021-06/535975-Service%20File.jpg,/sites/default/files/2021-06/535975-Thumbnail%20Image.jpg
85ab01af-665f-459f-8b00-903f436f818a	/sites/default/files/2021-06/535976-Thumbnail%20Image.jpg
0586aaad-a91d-4420-90b1-91d5d0ff85e3	/sites/default/files/2021-06/535979-Thumbnail%20Image.jpg
380ea342-388f-4973-82b5-19040f8f0e79	/system/files/2021-06/535983-Service%20File.jpg,/sites/default/files/2021-06/535983-Thumbnail%20Image.jpg
afd9f55d-b1ee-4a7d-8376-785c2c4fbde1	/system/files/2021-06/535984-Service%20File.jpg,/sites/default/files/2021-06/535984-Thumbnail%20Image.jpg
ce1ba738-da27-4ac1-a268-82df9b46cac9	/system/files/2021-06/535985-Service%20File.jpg,/sites/default/files/2021-06/535985-Thumbnail%20Image.jpg
dcfa0937-733c-4e61-bb5a-5c54b4e0720a	/sites/default/files/2021-06/535986-Thumbnail%20Image.jpg
0a59232c-4441-4157-94e2-f7346a8bd110	/system/files/2021-06/535989-Service%20File.jpg,/sites/default/files/2021-06/535989-Thumbnail%20Image.jpg
80ce3303-3ebb-4c9f-a6df-7ddc5e66dda2	/system/files/2021-06/535990-Service%20File.jpg,/sites/default/files/2021-06/535990-Thumbnail%20Image.jpg
f8acf6e8-a5e5-4aaf-875c-957ac09a90f9	/system/files/2021-06/535991-Service%20File.jpg,/sites/default/files/2021-06/535991-Thumbnail%20Image.jpg
724d9881-5fed-4448-9d38-1221c961d1b4	/system/files/2021-06/535992-Service%20File.jpg,/sites/default/files/2021-06/535992-Thumbnail%20Image.jpg
47fd9b23-6b20-43ac-821b-070522296f4c	/sites/default/files/2021-06/535993-Thumbnail%20Image.jpg
d715d080-852a-4d92-9343-c5059e217a54	/system/files/2021-06/535996-Service%20File.jpg,/sites/default/files/2021-06/535996-Thumbnail%20Image.jpg
9e0a9dc3-78eb-444d-a1d7-85766199f0c7	/system/files/2021-06/535997-Service%20File.jpg,/sites/default/files/2021-06/535997-Thumbnail%20Image.jpg
db3109fa-7a8e-43aa-aed7-c93631b1c385	/system/files/2021-06/535998-Service%20File.jpg,/sites/default/files/2021-06/535998-Thumbnail%20Image.jpg
394a73cf-a93d-4a76-ba81-ca940e855b49	/system/files/2021-06/535999-Service%20File.jpg,/sites/default/files/2021-06/535999-Thumbnail%20Image.jpg
5613393a-51cf-49c0-b777-3d7e04b7ab2e	/sites/default/files/2021-06/536000-Thumbnail%20Image.jpg
144a38cd-4dc7-4178-98f2-3faa710e57f6	/_flysystem/fedora/NEO%20Neon%20Survey/NNN%20Files/NNN000332/NNN000332-001.jpg,/system/files/2021-06/536003-Service%20File.jpg,/sites/default/files/2021-06/536003-Thumbnail%20Image.jpg
809194d0-db98-49ed-a2b0-e2ad387e325b	/_flysystem/fedora/NEO%20Neon%20Survey/NNN%20Files/NNN000333/NNN000333-001.jpg,/system/files/2021-06/536004-Service%20File.jpg,/sites/default/files/2021-06/536004-Thumbnail%20Image.jpg
c7bd6205-fc21-4d2a-bdd9-b9a2cb2bbdc7	/_flysystem/fedora/NEO%20Neon%20Survey/NNN%20Files/NNN000334/NNN000334-001.jpg,/system/files/2021-06/536005-Service%20File.jpg,/sites/default/files/2021-06/536005-Thumbnail%20Image.jpg
b7cc461b-684f-4d79-985d-d211744cf8c3	/sites/default/files/2021-06/536006-Thumbnail%20Image.jpg
5279d12d-714f-49a5-a3de-ac27ddf2ac2f	/_flysystem/fedora/NEO%20Neon%20Survey/NNN%20Files/NNN000336/NNN000336-001.jpg,/system/files/2021-06/536009-Service%20File.jpg,/sites/default/files/2021-06/536009-Thumbnail%20Image.jpg
